{
    "train": {
        "rmse": 189.289095020212,
        "mae": 94.71184226216002,
        "r2": 0.9983007640101172,
        "mape": 0.3401676228021068
    },
    "test": {
        "rmse": 607.619334700564,
        "mae": 395.436765782057,
        "r2": 0.9819579059970686,
        "mape": 1.4258066896494872
    },
    "training_time_seconds": 148.0529282093048,
    "target_column": "total load actual",
    "n_features": 21,
    "n_train_samples": 142572,
    "n_test_samples": 35644
}